id,source,input,target,input_clean,target_clean,stripped_target,exact_after_cleaning,whitespace_difference,audit_reason,is_valid_pair,input_before_n_chars,input_before_n_nfd_codepoints,input_before_n_combining_in_raw,input_before_n_legacy_cedilla,input_before_n_nbsp,input_before_n_unusual_punct,input_before_is_nfc,input_before_is_nfd,target_before_n_chars,target_before_n_nfd_codepoints,target_before_n_combining_in_raw,target_before_n_legacy_cedilla,target_before_n_nbsp,target_before_n_unusual_punct,target_before_is_nfc,target_before_is_nfd,input_after_n_chars,input_after_n_nfd_codepoints,input_after_n_combining_in_raw,input_after_n_legacy_cedilla,input_after_n_nbsp,input_after_n_unusual_punct,input_after_is_nfc,input_after_is_nfd,target_after_n_chars,target_after_n_nfd_codepoints,target_after_n_combining_in_raw,target_after_n_legacy_cedilla,target_after_n_nbsp,target_after_n_unusual_punct,target_after_is_nfc,target_after_is_nfd,text_nodiac,text_diac,n_chars,n_words,n_diac_restored
303702,unknown_local_sample,Coloratura pielii.,Coloratura pielii.,Coloratura pielii.,Coloratura pielii.,Coloratura pielii.,True,False,length_outside_3_250_words,True,18,0,0,0,0,0,True,True,18,0,0,0,0,0,True,True,18,0,0,0,0,0,True,True,18,0,0,0,0,0,True,True,Coloratura pielii.,Coloratura pielii.,18,2,0
253890,unknown_local_sample,Umbra se-ndeseste.,Umbra se-ndesește.,Umbra se-ndeseste.,Umbra se-ndesește.,Umbra se-ndeseste.,True,False,length_outside_3_250_words,True,18,0,0,0,0,0,True,True,18,1,0,0,0,0,True,False,18,0,0,0,0,0,True,True,18,1,0,0,0,0,True,False,Umbra se-ndeseste.,Umbra se-ndesește.,18,2,1
293506,unknown_local_sample,Catena ciclica.,Catenă ciclică.,Catena ciclica.,Catenă ciclică.,Catena ciclica.,True,False,length_outside_3_250_words,True,15,0,0,0,0,0,True,True,15,2,0,0,0,0,True,False,15,0,0,0,0,0,True,True,15,2,0,0,0,0,True,False,Catena ciclica.,Catenă ciclică.,15,2,2
157387,unknown_local_sample,Redactia RL.,Redacția RL.,Redactia RL.,Redacția RL.,Redactia RL.,True,False,length_outside_3_250_words,True,12,0,0,0,0,0,True,True,12,1,0,0,0,0,True,False,12,0,0,0,0,0,True,True,12,1,0,0,0,0,True,False,Redactia RL.,Redacția RL.,12,2,1
342419,unknown_local_sample,Partid muncitoresc.,Partid muncitoresc.,Partid muncitoresc.,Partid muncitoresc.,Partid muncitoresc.,True,False,length_outside_3_250_words,True,19,0,0,0,0,0,True,True,19,0,0,0,0,0,True,True,19,0,0,0,0,0,True,True,19,0,0,0,0,0,True,True,Partid muncitoresc.,Partid muncitoresc.,19,2,0
357997,unknown_local_sample,Umeri sculpturali.,Umeri sculpturali.,Umeri sculpturali.,Umeri sculpturali.,Umeri sculpturali.,True,False,length_outside_3_250_words,True,18,0,0,0,0,0,True,True,18,0,0,0,0,0,True,True,18,0,0,0,0,0,True,True,18,0,0,0,0,0,True,True,Umeri sculpturali.,Umeri sculpturali.,18,2,0
229715,unknown_local_sample,Curent voltaic.,Curent voltaic.,Curent voltaic.,Curent voltaic.,Curent voltaic.,True,False,length_outside_3_250_words,True,15,0,0,0,0,0,True,True,15,0,0,0,0,0,True,True,15,0,0,0,0,0,True,True,15,0,0,0,0,0,True,True,Curent voltaic.,Curent voltaic.,15,2,0
68352,unknown_local_sample,Potrivit art.,Potrivit art.,Potrivit art.,Potrivit art.,Potrivit art.,True,False,length_outside_3_250_words,True,13,0,0,0,0,0,True,True,13,0,0,0,0,0,True,True,13,0,0,0,0,0,True,True,13,0,0,0,0,0,True,True,Potrivit art.,Potrivit art.,13,2,0
246808,unknown_local_sample,Imn national.,Imn național.,Imn national.,Imn național.,Imn national.,True,False,length_outside_3_250_words,True,13,0,0,0,0,0,True,True,13,1,0,0,0,0,True,False,13,0,0,0,0,0,True,True,13,1,0,0,0,0,True,False,Imn national.,Imn național.,13,2,1
247369,unknown_local_sample,Materie inconsistenta.,Materie inconsistentă.,Materie inconsistenta.,Materie inconsistentă.,Materie inconsistenta.,True,False,length_outside_3_250_words,True,22,0,0,0,0,0,True,True,22,1,0,0,0,0,True,False,22,0,0,0,0,0,True,True,22,1,0,0,0,0,True,False,Materie inconsistenta.,Materie inconsistentă.,22,2,1
348520,unknown_local_sample,Studiu toponimic.,Studiu toponimic.,Studiu toponimic.,Studiu toponimic.,Studiu toponimic.,True,False,length_outside_3_250_words,True,17,0,0,0,0,0,True,True,17,0,0,0,0,0,True,True,17,0,0,0,0,0,True,True,17,0,0,0,0,0,True,True,Studiu toponimic.,Studiu toponimic.,17,2,0
255290,unknown_local_sample,Ingustimea cararii.,Îngustimea cărării.,Ingustimea cararii.,Îngustimea cărării.,Ingustimea cararii.,True,False,length_outside_3_250_words,True,19,0,0,0,0,0,True,True,19,3,0,0,0,0,True,False,19,0,0,0,0,0,True,True,19,3,0,0,0,0,True,False,Ingustimea cararii.,Îngustimea cărării.,19,2,3
43014,unknown_local_sample,"Roboru’, adica.","Roboru’, adică.","Roboru’, adica.","Roboru’, adică.","Roboru’, adica.",True,False,length_outside_3_250_words,True,15,0,0,0,0,1,True,True,15,1,0,0,0,1,True,False,15,0,0,0,0,1,True,True,15,1,0,0,0,1,True,False,"Roboru’, adica.","Roboru’, adică.",15,2,1
341978,unknown_local_sample,"Iaca, mucosu...","Iaca, mucosu...","Iaca, mucosu...","Iaca, mucosu...","Iaca, mucosu...",True,False,length_outside_3_250_words,True,15,0,0,0,0,0,True,True,15,0,0,0,0,0,True,True,15,0,0,0,0,0,True,True,15,0,0,0,0,0,True,True,"Iaca, mucosu...","Iaca, mucosu...",15,2,0
375726,unknown_local_sample,Pavarea drumurilor.,Pavarea drumurilor.,Pavarea drumurilor.,Pavarea drumurilor.,Pavarea drumurilor.,True,False,length_outside_3_250_words,True,19,0,0,0,0,0,True,True,19,0,0,0,0,0,True,True,19,0,0,0,0,0,True,True,19,0,0,0,0,0,True,True,Pavarea drumurilor.,Pavarea drumurilor.,19,2,0
241281,unknown_local_sample,Muschi glotali.,Mușchi glotali.,Muschi glotali.,Mușchi glotali.,Muschi glotali.,True,False,length_outside_3_250_words,True,15,0,0,0,0,0,True,True,15,1,0,0,0,0,True,False,15,0,0,0,0,0,True,True,15,1,0,0,0,0,True,False,Muschi glotali.,Mușchi glotali.,15,2,1
326008,unknown_local_sample,Materie flasca.,Materie flască.,Materie flasca.,Materie flască.,Materie flasca.,True,False,length_outside_3_250_words,True,15,0,0,0,0,0,True,True,15,1,0,0,0,0,True,False,15,0,0,0,0,0,True,True,15,1,0,0,0,0,True,False,Materie flasca.,Materie flască.,15,2,1
190380,unknown_local_sample,Preturi sarate.,Prețuri sărate.,Preturi sarate.,Prețuri sărate.,Preturi sarate.,True,False,length_outside_3_250_words,True,15,0,0,0,0,0,True,True,15,2,0,0,0,0,True,False,15,0,0,0,0,0,True,True,15,2,0,0,0,0,True,False,Preturi sarate.,Prețuri sărate.,15,2,2
110822,unknown_local_sample,Adevarat.,Adevărat.,Adevarat.,Adevărat.,Adevarat.,True,False,length_outside_3_250_words,True,9,0,0,0,0,0,True,True,9,1,0,0,0,0,True,False,9,0,0,0,0,0,True,True,9,1,0,0,0,0,True,False,Adevarat.,Adevărat.,9,1,1
189403,unknown_local_sample,Lupta darza.,Luptă dârză.,Lupta darza.,Luptă dârză.,Lupta darza.,True,False,length_outside_3_250_words,True,12,0,0,0,0,0,True,True,12,3,0,0,0,0,True,False,12,0,0,0,0,0,True,True,12,3,0,0,0,0,True,False,Lupta darza.,Luptă dârză.,12,2,3
192410,unknown_local_sample,Cursul BNR.,Cursul BNR.,Cursul BNR.,Cursul BNR.,Cursul BNR.,True,False,length_outside_3_250_words,True,11,0,0,0,0,0,True,True,11,0,0,0,0,0,True,True,11,0,0,0,0,0,True,True,11,0,0,0,0,0,True,True,Cursul BNR.,Cursul BNR.,11,2,0
315676,unknown_local_sample,Activitatea digestiva.,Activitatea digestivă.,Activitatea digestiva.,Activitatea digestivă.,Activitatea digestiva.,True,False,length_outside_3_250_words,True,22,0,0,0,0,0,True,True,22,1,0,0,0,0,True,False,22,0,0,0,0,0,True,True,22,1,0,0,0,0,True,False,Activitatea digestiva.,Activitatea digestivă.,22,2,1
292408,unknown_local_sample,Canalul Bega.,Canalul Bega.,Canalul Bega.,Canalul Bega.,Canalul Bega.,True,False,length_outside_3_250_words,True,13,0,0,0,0,0,True,True,13,0,0,0,0,0,True,True,13,0,0,0,0,0,True,True,13,0,0,0,0,0,True,True,Canalul Bega.,Canalul Bega.,13,2,0
277721,unknown_local_sample,Soba afuma.,Soba afumă.,Soba afuma.,Soba afumă.,Soba afuma.,True,False,length_outside_3_250_words,True,11,0,0,0,0,0,True,True,11,1,0,0,0,0,True,False,11,0,0,0,0,0,True,True,11,1,0,0,0,0,True,False,Soba afuma.,Soba afumă.,11,2,1
118679,unknown_local_sample,Fundoianu.,Fundoianu.,Fundoianu.,Fundoianu.,Fundoianu.,True,False,length_outside_3_250_words,True,10,0,0,0,0,0,True,True,10,0,0,0,0,0,True,True,10,0,0,0,0,0,True,True,10,0,0,0,0,0,True,True,Fundoianu.,Fundoianu.,10,1,0
323980,unknown_local_sample,Muschi faringal.,Mușchi faringal.,Muschi faringal.,Mușchi faringal.,Muschi faringal.,True,False,length_outside_3_250_words,True,16,0,0,0,0,0,True,True,16,1,0,0,0,0,True,False,16,0,0,0,0,0,True,True,16,1,0,0,0,0,True,False,Muschi faringal.,Mușchi faringal.,16,2,1
172880,unknown_local_sample,Cursul BNR.,Cursul BNR.,Cursul BNR.,Cursul BNR.,Cursul BNR.,True,False,length_outside_3_250_words,True,11,0,0,0,0,0,True,True,11,0,0,0,0,0,True,True,11,0,0,0,0,0,True,True,11,0,0,0,0,0,True,True,Cursul BNR.,Cursul BNR.,11,2,0
361577,unknown_local_sample,slavoslovind.,slavoslovind.,slavoslovind.,slavoslovind.,slavoslovind.,True,False,length_outside_3_250_words,True,13,0,0,0,0,0,True,True,13,0,0,0,0,0,True,True,13,0,0,0,0,0,True,True,13,0,0,0,0,0,True,True,slavoslovind.,slavoslovind.,13,1,0
309362,unknown_local_sample,Curatatul hainelor.,Curățatul hainelor.,Curatatul hainelor.,Curățatul hainelor.,Curatatul hainelor.,True,False,length_outside_3_250_words,True,19,0,0,0,0,0,True,True,19,2,0,0,0,0,True,False,19,0,0,0,0,0,True,True,19,2,0,0,0,0,True,False,Curatatul hainelor.,Curățatul hainelor.,19,2,2
112607,unknown_local_sample,lei capitalizare.,lei capitalizare.,lei capitalizare.,lei capitalizare.,lei capitalizare.,True,False,length_outside_3_250_words,True,17,0,0,0,0,0,True,True,17,0,0,0,0,0,True,True,17,0,0,0,0,0,True,True,17,0,0,0,0,0,True,True,lei capitalizare.,lei capitalizare.,17,2,0
267998,unknown_local_sample,Armasar naravas.,Armăsar nărăvaș.,Armasar naravas.,Armăsar nărăvaș.,Armasar naravas.,True,False,length_outside_3_250_words,True,16,0,0,0,0,0,True,True,16,4,0,0,0,0,True,False,16,0,0,0,0,0,True,True,16,4,0,0,0,0,True,False,Armasar naravas.,Armăsar nărăvaș.,16,2,4
216898,unknown_local_sample,Socoteala incarcata.,Socoteală încărcată.,Socoteala incarcata.,Socoteală încărcată.,Socoteala incarcata.,True,False,length_outside_3_250_words,True,20,0,0,0,0,0,True,True,20,4,0,0,0,0,True,False,20,0,0,0,0,0,True,True,20,4,0,0,0,0,True,False,Socoteala incarcata.,Socoteală încărcată.,20,2,4
188849,unknown_local_sample,Caramida arsa.,Cărămidă arsă.,Caramida arsa.,Cărămidă arsă.,Caramida arsa.,True,False,length_outside_3_250_words,True,14,0,0,0,0,0,True,True,14,4,0,0,0,0,True,False,14,0,0,0,0,0,True,True,14,4,0,0,0,0,True,False,Caramida arsa.,Cărămidă arsă.,14,2,4
392835,unknown_local_sample,Pelinu-i radacinos.,Pelinu-i rădăcinos.,Pelinu-i radacinos.,Pelinu-i rădăcinos.,Pelinu-i radacinos.,True,False,length_outside_3_250_words,True,19,0,0,0,0,0,True,True,19,2,0,0,0,0,True,False,19,0,0,0,0,0,True,True,19,2,0,0,0,0,True,False,Pelinu-i radacinos.,Pelinu-i rădăcinos.,19,2,2
253124,unknown_local_sample,Plan inclinat.,Plan înclinat.,Plan inclinat.,Plan înclinat.,Plan inclinat.,True,False,length_outside_3_250_words,True,14,0,0,0,0,0,True,True,14,1,0,0,0,0,True,False,14,0,0,0,0,0,True,True,14,1,0,0,0,0,True,False,Plan inclinat.,Plan înclinat.,14,2,1
284794,unknown_local_sample,Procura autentificata.,Procură autentificată.,Procura autentificata.,Procură autentificată.,Procura autentificata.,True,False,length_outside_3_250_words,True,22,0,0,0,0,0,True,True,22,2,0,0,0,0,True,False,22,0,0,0,0,0,True,True,22,2,0,0,0,0,True,False,Procura autentificata.,Procură autentificată.,22,2,2
188835,unknown_local_sample,Erezie ariana.,Erezie ariană.,Erezie ariana.,Erezie ariană.,Erezie ariana.,True,False,length_outside_3_250_words,True,14,0,0,0,0,0,True,True,14,1,0,0,0,0,True,False,14,0,0,0,0,0,True,True,14,1,0,0,0,0,True,False,Erezie ariana.,Erezie ariană.,14,2,1
108066,unknown_local_sample,Veneau noua.,Veneau nouă.,Veneau noua.,Veneau nouă.,Veneau noua.,True,False,length_outside_3_250_words,True,12,0,0,0,0,0,True,True,12,1,0,0,0,0,True,False,12,0,0,0,0,0,True,True,12,1,0,0,0,0,True,False,Veneau noua.,Veneau nouă.,12,2,1
311290,unknown_local_sample,Glume decoltate.,Glume decoltate.,Glume decoltate.,Glume decoltate.,Glume decoltate.,True,False,length_outside_3_250_words,True,16,0,0,0,0,0,True,True,16,0,0,0,0,0,True,True,16,0,0,0,0,0,True,True,16,0,0,0,0,0,True,True,Glume decoltate.,Glume decoltate.,16,2,0
247177,unknown_local_sample,Conditii inacceptabile.,Condiții inacceptabile.,Conditii inacceptabile.,Condiții inacceptabile.,Conditii inacceptabile.,True,False,length_outside_3_250_words,True,23,0,0,0,0,0,True,True,23,1,0,0,0,0,True,False,23,0,0,0,0,0,True,True,23,1,0,0,0,0,True,False,Conditii inacceptabile.,Condiții inacceptabile.,23,2,1
55316,unknown_local_sample,Campiile elizee.,Câmpiile elizee.,Campiile elizee.,Câmpiile elizee.,Campiile elizee.,True,False,length_outside_3_250_words,True,16,0,0,0,0,0,True,True,16,1,0,0,0,0,True,False,16,0,0,0,0,0,True,True,16,1,0,0,0,0,True,False,Campiile elizee.,Câmpiile elizee.,16,2,1
351477,unknown_local_sample,Inscriptie trilingva.,Inscripție trilingvă.,Inscriptie trilingva.,Inscripție trilingvă.,Inscriptie trilingva.,True,False,length_outside_3_250_words,True,21,0,0,0,0,0,True,True,21,2,0,0,0,0,True,False,21,0,0,0,0,0,True,True,21,2,0,0,0,0,True,False,Inscriptie trilingva.,Inscripție trilingvă.,21,2,2
88445,unknown_local_sample,Si romanii.,Și românii.,Si romanii.,Și românii.,Si romanii.,True,False,length_outside_3_250_words,True,11,0,0,0,0,0,True,True,11,2,0,0,0,0,True,False,11,0,0,0,0,0,True,True,11,2,0,0,0,0,True,False,Si romanii.,Și românii.,11,2,2
21169,unknown_local_sample,Foto: dravenstales.ch.,Foto: dravenstales.ch.,Foto: dravenstales.ch.,Foto: dravenstales.ch.,Foto: dravenstales.ch.,True,False,length_outside_3_250_words,True,22,0,0,0,0,0,True,True,22,0,0,0,0,0,True,True,22,0,0,0,0,0,True,True,22,0,0,0,0,0,True,True,Foto: dravenstales.ch.,Foto: dravenstales.ch.,22,2,0
73301,unknown_local_sample,Il urmarim.,Îl urmărim.,Il urmarim.,Îl urmărim.,Il urmarim.,True,False,length_outside_3_250_words,True,11,0,0,0,0,0,True,True,11,2,0,0,0,0,True,False,11,0,0,0,0,0,True,True,11,2,0,0,0,0,True,False,Il urmarim.,Îl urmărim.,11,2,2
189926,unknown_local_sample,Ele insele.,Ele însele.,Ele insele.,Ele însele.,Ele insele.,True,False,length_outside_3_250_words,True,11,0,0,0,0,0,True,True,11,1,0,0,0,0,True,False,11,0,0,0,0,0,True,True,11,1,0,0,0,0,True,False,Ele insele.,Ele însele.,11,2,1
279554,unknown_local_sample,Parchet alunecos.,Parchet alunecos.,Parchet alunecos.,Parchet alunecos.,Parchet alunecos.,True,False,length_outside_3_250_words,True,17,0,0,0,0,0,True,True,17,0,0,0,0,0,True,True,17,0,0,0,0,0,True,True,17,0,0,0,0,0,True,True,Parchet alunecos.,Parchet alunecos.,17,2,0
249373,unknown_local_sample,Dusman ireductibil.,Dușman ireductibil.,Dusman ireductibil.,Dușman ireductibil.,Dusman ireductibil.,True,False,length_outside_3_250_words,True,19,0,0,0,0,0,True,True,19,1,0,0,0,0,True,False,19,0,0,0,0,0,True,True,19,1,0,0,0,0,True,False,Dusman ireductibil.,Dușman ireductibil.,19,2,1
310851,unknown_local_sample,Neglijenta daunatoare.,Neglijență dăunătoare.,Neglijenta daunatoare.,Neglijență dăunătoare.,Neglijenta daunatoare.,True,False,length_outside_3_250_words,True,22,0,0,0,0,0,True,True,22,4,0,0,0,0,True,False,22,0,0,0,0,0,True,True,22,4,0,0,0,0,True,False,Neglijenta daunatoare.,Neglijență dăunătoare.,22,2,4
269678,unknown_local_sample,Rezultate nemultumitoare.,Rezultate nemulțumitoare.,Rezultate nemultumitoare.,Rezultate nemulțumitoare.,Rezultate nemultumitoare.,True,False,length_outside_3_250_words,True,25,0,0,0,0,0,True,True,25,1,0,0,0,0,True,False,25,0,0,0,0,0,True,True,25,1,0,0,0,0,True,False,Rezultate nemultumitoare.,Rezultate nemulțumitoare.,25,2,1
20519,unknown_local_sample,cit..,cit..,cit..,cit..,cit..,True,False,length_outside_3_250_words,True,5,0,0,0,0,0,True,True,5,0,0,0,0,0,True,True,5,0,0,0,0,0,True,True,5,0,0,0,0,0,True,True,cit..,cit..,5,1,0
381672,unknown_local_sample,Campie plata.,Câmpie plată.,Campie plata.,Câmpie plată.,Campie plata.,True,False,length_outside_3_250_words,True,13,0,0,0,0,0,True,True,13,2,0,0,0,0,True,False,13,0,0,0,0,0,True,True,13,2,0,0,0,0,True,False,Campie plata.,Câmpie plată.,13,2,2
216926,unknown_local_sample,Haina incheiata.,Haină încheiată.,Haina incheiata.,Haină încheiată.,Haina incheiata.,True,False,length_outside_3_250_words,True,16,0,0,0,0,0,True,True,16,3,0,0,0,0,True,False,16,0,0,0,0,0,True,True,16,3,0,0,0,0,True,False,Haina incheiata.,Haină încheiată.,16,2,3
326196,unknown_local_sample,Flota aeriana.,Flotă aeriană.,Flota aeriana.,Flotă aeriană.,Flota aeriana.,True,False,length_outside_3_250_words,True,14,0,0,0,0,0,True,True,14,2,0,0,0,0,True,False,14,0,0,0,0,0,True,True,14,2,0,0,0,0,True,False,Flota aeriana.,Flotă aeriană.,14,2,2
360769,unknown_local_sample,Simbolica egipteana.,Simbolica egipteană.,Simbolica egipteana.,Simbolica egipteană.,Simbolica egipteana.,True,False,length_outside_3_250_words,True,20,0,0,0,0,0,True,True,20,1,0,0,0,0,True,False,20,0,0,0,0,0,True,True,20,1,0,0,0,0,True,False,Simbolica egipteana.,Simbolica egipteană.,20,2,1
297838,unknown_local_sample,Gasi-te-ar ciorile!,Găsi-te-ar ciorile!,Gasi-te-ar ciorile!,Găsi-te-ar ciorile!,Gasi-te-ar ciorile!,True,False,length_outside_3_250_words,True,19,0,0,0,0,0,True,True,19,1,0,0,0,0,True,False,19,0,0,0,0,0,True,True,19,1,0,0,0,0,True,False,Gasi-te-ar ciorile!,Găsi-te-ar ciorile!,19,2,1
373647,unknown_local_sample,Scaun papal.,Scaun papal.,Scaun papal.,Scaun papal.,Scaun papal.,True,False,length_outside_3_250_words,True,12,0,0,0,0,0,True,True,12,0,0,0,0,0,True,True,12,0,0,0,0,0,True,True,12,0,0,0,0,0,True,True,Scaun papal.,Scaun papal.,12,2,0
132578,unknown_local_sample,Elicoptere.,Elicoptere.,Elicoptere.,Elicoptere.,Elicoptere.,True,False,length_outside_3_250_words,True,11,0,0,0,0,0,True,True,11,0,0,0,0,0,True,True,11,0,0,0,0,0,True,True,11,0,0,0,0,0,True,True,Elicoptere.,Elicoptere.,11,1,0
312093,unknown_local_sample,Gest demonstrativ.,Gest demonstrativ.,Gest demonstrativ.,Gest demonstrativ.,Gest demonstrativ.,True,False,length_outside_3_250_words,True,18,0,0,0,0,0,True,True,18,0,0,0,0,0,True,True,18,0,0,0,0,0,True,True,18,0,0,0,0,0,True,True,Gest demonstrativ.,Gest demonstrativ.,18,2,0
244125,unknown_local_sample,Haulitul vijeliilor.,Hăulitul vijeliilor.,Haulitul vijeliilor.,Hăulitul vijeliilor.,Haulitul vijeliilor.,True,False,length_outside_3_250_words,True,20,0,0,0,0,0,True,True,20,1,0,0,0,0,True,False,20,0,0,0,0,0,True,True,20,1,0,0,0,0,True,False,Haulitul vijeliilor.,Hăulitul vijeliilor.,20,2,1
244219,unknown_local_sample,Medicament hemostatic.,Medicament hemostatic.,Medicament hemostatic.,Medicament hemostatic.,Medicament hemostatic.,True,False,length_outside_3_250_words,True,22,0,0,0,0,0,True,True,22,0,0,0,0,0,True,True,22,0,0,0,0,0,True,True,22,0,0,0,0,0,True,True,Medicament hemostatic.,Medicament hemostatic.,22,2,0
247823,unknown_local_sample,Geometrie infinitezimala.,Geometrie infinitezimală.,Geometrie infinitezimala.,Geometrie infinitezimală.,Geometrie infinitezimala.,True,False,length_outside_3_250_words,True,25,0,0,0,0,0,True,True,25,1,0,0,0,0,True,False,25,0,0,0,0,0,True,True,25,1,0,0,0,0,True,False,Geometrie infinitezimala.,Geometrie infinitezimală.,25,2,1
327959,unknown_local_sample,Substanta fumigena.,Substanță fumigenă.,Substanta fumigena.,Substanță fumigenă.,Substanta fumigena.,True,False,length_outside_3_250_words,True,19,0,0,0,0,0,True,True,19,3,0,0,0,0,True,False,19,0,0,0,0,0,True,True,19,3,0,0,0,0,True,False,Substanta fumigena.,Substanță fumigenă.,19,2,3
187343,unknown_local_sample,lei capitalizare.,lei capitalizare.,lei capitalizare.,lei capitalizare.,lei capitalizare.,True,False,length_outside_3_250_words,True,17,0,0,0,0,0,True,True,17,0,0,0,0,0,True,True,17,0,0,0,0,0,True,True,17,0,0,0,0,0,True,True,lei capitalizare.,lei capitalizare.,17,2,0
370673,unknown_local_sample,Piatra cioplita.,Piatră cioplită.,Piatra cioplita.,Piatră cioplită.,Piatra cioplita.,True,False,length_outside_3_250_words,True,16,0,0,0,0,0,True,True,16,2,0,0,0,0,True,False,16,0,0,0,0,0,True,True,16,2,0,0,0,0,True,False,Piatra cioplita.,Piatră cioplită.,16,2,2
284445,unknown_local_sample,Tesuturi atonice.,Țesuturi atonice.,Tesuturi atonice.,Țesuturi atonice.,Tesuturi atonice.,True,False,length_outside_3_250_words,True,17,0,0,0,0,0,True,True,17,1,0,0,0,0,True,False,17,0,0,0,0,0,True,True,17,1,0,0,0,0,True,False,Tesuturi atonice.,Țesuturi atonice.,17,2,1
143294,unknown_local_sample,Habar n-am.,Habar n-am.,Habar n-am.,Habar n-am.,Habar n-am.,True,False,length_outside_3_250_words,True,11,0,0,0,0,0,True,True,11,0,0,0,0,0,True,True,11,0,0,0,0,0,True,True,11,0,0,0,0,0,True,True,Habar n-am.,Habar n-am.,11,2,0
46810,unknown_local_sample,Te contrazic.,Te contrazic.,Te contrazic.,Te contrazic.,Te contrazic.,True,False,length_outside_3_250_words,True,13,0,0,0,0,0,True,True,13,0,0,0,0,0,True,True,13,0,0,0,0,0,True,True,13,0,0,0,0,0,True,True,Te contrazic.,Te contrazic.,13,2,0
190422,unknown_local_sample,Tratative secrete.,Tratative secrete.,Tratative secrete.,Tratative secrete.,Tratative secrete.,True,False,length_outside_3_250_words,True,18,0,0,0,0,0,True,True,18,0,0,0,0,0,True,True,18,0,0,0,0,0,True,True,18,0,0,0,0,0,True,True,Tratative secrete.,Tratative secrete.,18,2,0
37792,unknown_local_sample,Kaniet filma..,Kanieț filma..,Kaniet filma..,Kanieț filma..,Kaniet filma..,True,False,length_outside_3_250_words,True,14,0,0,0,0,0,True,True,14,1,0,0,0,0,True,False,14,0,0,0,0,0,True,True,14,1,0,0,0,0,True,False,Kaniet filma..,Kanieț filma..,14,2,1
365190,unknown_local_sample,Statica constructiilor.,Statica construcțiilor.,Statica constructiilor.,Statica construcțiilor.,Statica constructiilor.,True,False,length_outside_3_250_words,True,23,0,0,0,0,0,True,True,23,1,0,0,0,0,True,False,23,0,0,0,0,0,True,True,23,1,0,0,0,0,True,False,Statica constructiilor.,Statica construcțiilor.,23,2,1
182981,unknown_local_sample,Uita-te-ncrucisat.,Uită-te-ncrucișat.,Uita-te-ncrucisat.,Uită-te-ncrucișat.,Uita-te-ncrucisat.,True,False,length_outside_3_250_words,True,18,0,0,0,0,0,True,True,18,2,0,0,0,0,True,False,18,0,0,0,0,0,True,True,18,2,0,0,0,0,True,False,Uita-te-ncrucisat.,Uită-te-ncrucișat.,18,1,2
384601,unknown_local_sample,Poporul roman.,Poporul român.,Poporul roman.,Poporul român.,Poporul roman.,True,False,length_outside_3_250_words,True,14,0,0,0,0,0,True,True,14,1,0,0,0,0,True,False,14,0,0,0,0,0,True,True,14,1,0,0,0,0,True,False,Poporul roman.,Poporul român.,14,2,1
248626,unknown_local_sample,Lume interlopa.,Lume interlopă.,Lume interlopa.,Lume interlopă.,Lume interlopa.,True,False,length_outside_3_250_words,True,15,0,0,0,0,0,True,True,15,1,0,0,0,0,True,False,15,0,0,0,0,0,True,True,15,1,0,0,0,0,True,False,Lume interlopa.,Lume interlopă.,15,2,1
189971,unknown_local_sample,Camera Lorzilor.,Camera Lorzilor.,Camera Lorzilor.,Camera Lorzilor.,Camera Lorzilor.,True,False,length_outside_3_250_words,True,16,0,0,0,0,0,True,True,16,0,0,0,0,0,True,True,16,0,0,0,0,0,True,True,16,0,0,0,0,0,True,True,Camera Lorzilor.,Camera Lorzilor.,16,2,0
255553,unknown_local_sample,Cearsafuri innadite.,Cearșafuri înnădite.,Cearsafuri innadite.,Cearșafuri înnădite.,Cearsafuri innadite.,True,False,length_outside_3_250_words,True,20,0,0,0,0,0,True,True,20,3,0,0,0,0,True,False,20,0,0,0,0,0,True,True,20,3,0,0,0,0,True,False,Cearsafuri innadite.,Cearșafuri înnădite.,20,2,3
318968,unknown_local_sample,Copil dotat.,Copil dotat.,Copil dotat.,Copil dotat.,Copil dotat.,True,False,length_outside_3_250_words,True,12,0,0,0,0,0,True,True,12,0,0,0,0,0,True,True,12,0,0,0,0,0,True,True,12,0,0,0,0,0,True,True,Copil dotat.,Copil dotat.,12,2,0
190092,unknown_local_sample,Viata nomada.,Viață nomadă.,Viata nomada.,Viață nomadă.,Viata nomada.,True,False,length_outside_3_250_words,True,13,0,0,0,0,0,True,True,13,3,0,0,0,0,True,False,13,0,0,0,0,0,True,True,13,3,0,0,0,0,True,False,Viata nomada.,Viață nomadă.,13,2,3
372305,unknown_local_sample,Fire susceptibila.,Fire susceptibilă.,Fire susceptibila.,Fire susceptibilă.,Fire susceptibila.,True,False,length_outside_3_250_words,True,18,0,0,0,0,0,True,True,18,1,0,0,0,0,True,False,18,0,0,0,0,0,True,True,18,1,0,0,0,0,True,False,Fire susceptibila.,Fire susceptibilă.,18,2,1
217053,unknown_local_sample,sprincene-ncondeiate.,sprîncene-ncondeiate.,sprincene-ncondeiate.,sprîncene-ncondeiate.,sprincene-ncondeiate.,True,False,length_outside_3_250_words,True,21,0,0,0,0,0,True,True,21,1,0,0,0,0,True,False,21,0,0,0,0,0,True,True,21,1,0,0,0,0,True,False,sprincene-ncondeiate.,sprîncene-ncondeiate.,21,1,1
282389,unknown_local_sample,Ornamente arhitectonice.,Ornamente arhitectonice.,Ornamente arhitectonice.,Ornamente arhitectonice.,Ornamente arhitectonice.,True,False,length_outside_3_250_words,True,24,0,0,0,0,0,True,True,24,0,0,0,0,0,True,True,24,0,0,0,0,0,True,True,24,0,0,0,0,0,True,True,Ornamente arhitectonice.,Ornamente arhitectonice.,24,2,0
363642,unknown_local_sample,Studii speologice.,Studii speologice.,Studii speologice.,Studii speologice.,Studii speologice.,True,False,length_outside_3_250_words,True,18,0,0,0,0,0,True,True,18,0,0,0,0,0,True,True,18,0,0,0,0,0,True,True,18,0,0,0,0,0,True,True,Studii speologice.,Studii speologice.,18,2,0
189776,unknown_local_sample,Sarcina gemelara.,Sarcină gemelară.,Sarcina gemelara.,Sarcină gemelară.,Sarcina gemelara.,True,False,length_outside_3_250_words,True,17,0,0,0,0,0,True,True,17,2,0,0,0,0,True,False,17,0,0,0,0,0,True,True,17,2,0,0,0,0,True,False,Sarcina gemelara.,Sarcină gemelară.,17,2,2
312655,unknown_local_sample,Deprindere tehnica.,Deprindere tehnică.,Deprindere tehnica.,Deprindere tehnică.,Deprindere tehnica.,True,False,length_outside_3_250_words,True,19,0,0,0,0,0,True,True,19,1,0,0,0,0,True,False,19,0,0,0,0,0,True,True,19,1,0,0,0,0,True,False,Deprindere tehnica.,Deprindere tehnică.,19,2,1
66904,unknown_local_sample,Bietul taica-meu.,Bietul taică-meu.,Bietul taica-meu.,Bietul taică-meu.,Bietul taica-meu.,True,False,length_outside_3_250_words,True,17,0,0,0,0,0,True,True,17,1,0,0,0,0,True,False,17,0,0,0,0,0,True,True,17,1,0,0,0,0,True,False,Bietul taica-meu.,Bietul taică-meu.,17,2,1
191661,unknown_local_sample,Atita tot.,Atîta tot.,Atita tot.,Atîta tot.,Atita tot.,True,False,length_outside_3_250_words,True,10,0,0,0,0,0,True,True,10,1,0,0,0,0,True,False,10,0,0,0,0,0,True,True,10,1,0,0,0,0,True,False,Atita tot.,Atîta tot.,10,2,1
343568,unknown_local_sample,Turneu open.,Turneu open.,Turneu open.,Turneu open.,Turneu open.,True,False,length_outside_3_250_words,True,12,0,0,0,0,0,True,True,12,0,0,0,0,0,True,True,12,0,0,0,0,0,True,True,12,0,0,0,0,0,True,True,Turneu open.,Turneu open.,12,2,0
340682,unknown_local_sample,Modernizarea transporturilor.,Modernizarea transporturilor.,Modernizarea transporturilor.,Modernizarea transporturilor.,Modernizarea transporturilor.,True,False,length_outside_3_250_words,True,29,0,0,0,0,0,True,True,29,0,0,0,0,0,True,True,29,0,0,0,0,0,True,True,29,0,0,0,0,0,True,True,Modernizarea transporturilor.,Modernizarea transporturilor.,29,2,0
254151,unknown_local_sample,Greseli indreptate.,Greșeli îndreptate.,Greseli indreptate.,Greșeli îndreptate.,Greseli indreptate.,True,False,length_outside_3_250_words,True,19,0,0,0,0,0,True,True,19,2,0,0,0,0,True,False,19,0,0,0,0,0,True,True,19,2,0,0,0,0,True,False,Greseli indreptate.,Greșeli îndreptate.,19,2,2
293045,unknown_local_sample,Gest caritabil.,Gest caritabil.,Gest caritabil.,Gest caritabil.,Gest caritabil.,True,False,length_outside_3_250_words,True,15,0,0,0,0,0,True,True,15,0,0,0,0,0,True,True,15,0,0,0,0,0,True,True,15,0,0,0,0,0,True,True,Gest caritabil.,Gest caritabil.,15,2,0
268383,unknown_local_sample,Nevoie.,Nevoie.,Nevoie.,Nevoie.,Nevoie.,True,False,length_outside_3_250_words,True,7,0,0,0,0,0,True,True,7,0,0,0,0,0,True,True,7,0,0,0,0,0,True,True,7,0,0,0,0,0,True,True,Nevoie.,Nevoie.,7,1,0
365115,unknown_local_sample,Produse standard.,Produse standard.,Produse standard.,Produse standard.,Produse standard.,True,False,length_outside_3_250_words,True,17,0,0,0,0,0,True,True,17,0,0,0,0,0,True,True,17,0,0,0,0,0,True,True,17,0,0,0,0,0,True,True,Produse standard.,Produse standard.,17,2,0
385103,unknown_local_sample,Constructii portuare.,Construcții portuare.,Constructii portuare.,Construcții portuare.,Constructii portuare.,True,False,length_outside_3_250_words,True,21,0,0,0,0,0,True,True,21,1,0,0,0,0,True,False,21,0,0,0,0,0,True,True,21,1,0,0,0,0,True,False,Constructii portuare.,Construcții portuare.,21,2,1
190482,unknown_local_sample,Acid slab.,Acid slab.,Acid slab.,Acid slab.,Acid slab.,True,False,length_outside_3_250_words,True,10,0,0,0,0,0,True,True,10,0,0,0,0,0,True,True,10,0,0,0,0,0,True,True,10,0,0,0,0,0,True,True,Acid slab.,Acid slab.,10,2,0
385034,unknown_local_sample,Vas portavion.,Vas portavion.,Vas portavion.,Vas portavion.,Vas portavion.,True,False,length_outside_3_250_words,True,14,0,0,0,0,0,True,True,14,0,0,0,0,0,True,True,14,0,0,0,0,0,True,True,14,0,0,0,0,0,True,True,Vas portavion.,Vas portavion.,14,2,0
248365,unknown_local_sample,Vorbe insultatoare.,Vorbe insultătoare.,Vorbe insultatoare.,Vorbe insultătoare.,Vorbe insultatoare.,True,False,length_outside_3_250_words,True,19,0,0,0,0,0,True,True,19,1,0,0,0,0,True,False,19,0,0,0,0,0,True,True,19,1,0,0,0,0,True,False,Vorbe insultatoare.,Vorbe insultătoare.,19,2,1
239813,unknown_local_sample,Masa gelatinoasa.,Masă gelatinoasă.,Masa gelatinoasa.,Masă gelatinoasă.,Masa gelatinoasa.,True,False,length_outside_3_250_words,True,17,0,0,0,0,0,True,True,17,2,0,0,0,0,True,False,17,0,0,0,0,0,True,True,17,2,0,0,0,0,True,False,Masa gelatinoasa.,Masă gelatinoasă.,17,2,2
189051,unknown_local_sample,Buza toporului.,Buza toporului.,Buza toporului.,Buza toporului.,Buza toporului.,True,False,length_outside_3_250_words,True,15,0,0,0,0,0,True,True,15,0,0,0,0,0,True,True,15,0,0,0,0,0,True,True,15,0,0,0,0,0,True,True,Buza toporului.,Buza toporului.,15,2,0
324522,unknown_local_sample,Febra asteptarii.,Febra așteptării.,Febra asteptarii.,Febra așteptării.,Febra asteptarii.,True,False,length_outside_3_250_words,True,17,0,0,0,0,0,True,True,17,2,0,0,0,0,True,False,17,0,0,0,0,0,True,True,17,2,0,0,0,0,True,False,Febra asteptarii.,Febra așteptării.,17,2,2
285298,unknown_local_sample,Averse locale.,Averse locale.,Averse locale.,Averse locale.,Averse locale.,True,False,length_outside_3_250_words,True,14,0,0,0,0,0,True,True,14,0,0,0,0,0,True,True,14,0,0,0,0,0,True,True,14,0,0,0,0,0,True,True,Averse locale.,Averse locale.,14,2,0
246907,unknown_local_sample,Imperiul roman.,Imperiul roman.,Imperiul roman.,Imperiul roman.,Imperiul roman.,True,False,length_outside_3_250_words,True,15,0,0,0,0,0,True,True,15,0,0,0,0,0,True,True,15,0,0,0,0,0,True,True,15,0,0,0,0,0,True,True,Imperiul roman.,Imperiul roman.,15,2,0
388877,unknown_local_sample,Priponirea calului.,Priponirea calului.,Priponirea calului.,Priponirea calului.,Priponirea calului.,True,False,length_outside_3_250_words,True,19,0,0,0,0,0,True,True,19,0,0,0,0,0,True,True,19,0,0,0,0,0,True,True,19,0,0,0,0,0,True,True,Priponirea calului.,Priponirea calului.,19,2,0
311673,unknown_local_sample,Tesut degenerescent.,Țesut degenerescent.,Tesut degenerescent.,Țesut degenerescent.,Tesut degenerescent.,True,False,length_outside_3_250_words,True,20,0,0,0,0,0,True,True,20,1,0,0,0,0,True,False,20,0,0,0,0,0,True,True,20,1,0,0,0,0,True,False,Tesut degenerescent.,Țesut degenerescent.,20,2,1
67317,unknown_local_sample,Prescurtat: PLM.,Prescurtat: PLM.,Prescurtat: PLM.,Prescurtat: PLM.,Prescurtat: PLM.,True,False,length_outside_3_250_words,True,16,0,0,0,0,0,True,True,16,0,0,0,0,0,True,True,16,0,0,0,0,0,True,True,16,0,0,0,0,0,True,True,Prescurtat: PLM.,Prescurtat: PLM.,16,2,0
211649,unknown_local_sample,Gulerul osiei.,Gulerul osiei.,Gulerul osiei.,Gulerul osiei.,Gulerul osiei.,True,False,length_outside_3_250_words,True,14,0,0,0,0,0,True,True,14,0,0,0,0,0,True,True,14,0,0,0,0,0,True,True,14,0,0,0,0,0,True,True,Gulerul osiei.,Gulerul osiei.,14,2,0
127819,unknown_local_sample,Tub prelungitor.,Tub prelungitor.,Tub prelungitor.,Tub prelungitor.,Tub prelungitor.,True,False,length_outside_3_250_words,True,16,0,0,0,0,0,True,True,16,0,0,0,0,0,True,True,16,0,0,0,0,0,True,True,16,0,0,0,0,0,True,True,Tub prelungitor.,Tub prelungitor.,16,2,0
231332,unknown_local_sample,Ultimele stiri.,Ultimele știri.,Ultimele stiri.,Ultimele știri.,Ultimele stiri.,True,False,length_outside_3_250_words,True,15,0,0,0,0,0,True,True,15,1,0,0,0,0,True,False,15,0,0,0,0,0,True,True,15,1,0,0,0,0,True,False,Ultimele stiri.,Ultimele știri.,15,2,1
133686,unknown_local_sample,Dans ragtime.,Dans ragtime.,Dans ragtime.,Dans ragtime.,Dans ragtime.,True,False,length_outside_3_250_words,True,13,0,0,0,0,0,True,True,13,0,0,0,0,0,True,True,13,0,0,0,0,0,True,True,13,0,0,0,0,0,True,True,Dans ragtime.,Dans ragtime.,13,2,0
337950,unknown_local_sample,Cabinet metodic.,Cabinet metodic.,Cabinet metodic.,Cabinet metodic.,Cabinet metodic.,True,False,length_outside_3_250_words,True,16,0,0,0,0,0,True,True,16,0,0,0,0,0,True,True,16,0,0,0,0,0,True,True,16,0,0,0,0,0,True,True,Cabinet metodic.,Cabinet metodic.,16,2,0
190379,unknown_local_sample,Gust sarat.,Gust sărat.,Gust sarat.,Gust sărat.,Gust sarat.,True,False,length_outside_3_250_words,True,11,0,0,0,0,0,True,True,11,1,0,0,0,0,True,False,11,0,0,0,0,0,True,True,11,1,0,0,0,0,True,False,Gust sarat.,Gust sărat.,11,2,1
169720,unknown_local_sample,Foto: flickr.,Foto: flickr.,Foto: flickr.,Foto: flickr.,Foto: flickr.,True,False,length_outside_3_250_words,True,13,0,0,0,0,0,True,True,13,0,0,0,0,0,True,True,13,0,0,0,0,0,True,True,13,0,0,0,0,0,True,True,Foto: flickr.,Foto: flickr.,13,2,0
188789,unknown_local_sample,Aparat administrativ.,Aparat administrativ.,Aparat administrativ.,Aparat administrativ.,Aparat administrativ.,True,False,length_outside_3_250_words,True,21,0,0,0,0,0,True,True,21,0,0,0,0,0,True,True,21,0,0,0,0,0,True,True,21,0,0,0,0,0,True,True,Aparat administrativ.,Aparat administrativ.,21,2,0
189962,unknown_local_sample,Ce-ti lipseste?.,Ce-ți lipsește?.,Ce-ti lipseste?.,Ce-ți lipsește?.,Ce-ti lipseste?.,True,False,length_outside_3_250_words,True,16,0,0,0,0,0,True,True,16,2,0,0,0,0,True,False,16,0,0,0,0,0,True,True,16,2,0,0,0,0,True,False,Ce-ti lipseste?.,Ce-ți lipsește?.,16,2,2
303950,unknown_local_sample,Scriitor combatant.,Scriitor combatant.,Scriitor combatant.,Scriitor combatant.,Scriitor combatant.,True,False,length_outside_3_250_words,True,19,0,0,0,0,0,True,True,19,0,0,0,0,0,True,True,19,0,0,0,0,0,True,True,19,0,0,0,0,0,True,True,Scriitor combatant.,Scriitor combatant.,19,2,0
321909,unknown_local_sample,Doctrina eretica.,Doctrină eretică.,Doctrina eretica.,Doctrină eretică.,Doctrina eretica.,True,False,length_outside_3_250_words,True,17,0,0,0,0,0,True,True,17,2,0,0,0,0,True,False,17,0,0,0,0,0,True,True,17,2,0,0,0,0,True,False,Doctrina eretica.,Doctrină eretică.,17,2,2
23681,unknown_local_sample,Simpla inchipuire.,Simplă închipuire.,Simpla inchipuire.,Simplă închipuire.,Simpla inchipuire.,True,False,length_outside_3_250_words,True,18,0,0,0,0,0,True,True,18,2,0,0,0,0,True,False,18,0,0,0,0,0,True,True,18,2,0,0,0,0,True,False,Simpla inchipuire.,Simplă închipuire.,18,2,2
59668,unknown_local_sample,politica macroprudentiala.,politica macroprudențială.,politica macroprudentiala.,politica macroprudențială.,politica macroprudentiala.,True,False,length_outside_3_250_words,True,26,0,0,0,0,0,True,True,26,2,0,0,0,0,True,False,26,0,0,0,0,0,True,True,26,2,0,0,0,0,True,False,politica macroprudentiala.,politica macroprudențială.,26,2,2
318222,unknown_local_sample,Doborarea copacilor.,Doborârea copacilor.,Doborarea copacilor.,Doborârea copacilor.,Doborarea copacilor.,True,False,length_outside_3_250_words,True,20,0,0,0,0,0,True,True,20,1,0,0,0,0,True,False,20,0,0,0,0,0,True,True,20,1,0,0,0,0,True,False,Doborarea copacilor.,Doborârea copacilor.,20,2,1
77403,unknown_local_sample,Banica.,Bănică.,Banica.,Bănică.,Banica.,True,False,length_outside_3_250_words,True,7,0,0,0,0,0,True,True,7,2,0,0,0,0,True,False,7,0,0,0,0,0,True,True,7,2,0,0,0,0,True,False,Banica.,Bănică.,7,1,2
369599,unknown_local_sample,Buna podoaba.,Bună podoabă.,Buna podoaba.,Bună podoabă.,Buna podoaba.,True,False,length_outside_3_250_words,True,13,0,0,0,0,0,True,True,13,2,0,0,0,0,True,False,13,0,0,0,0,0,True,True,13,2,0,0,0,0,True,False,Buna podoaba.,Bună podoabă.,13,2,2
284722,unknown_local_sample,Saua-noata-n aurel.,Șaua-noată-n aurel.,Saua-noata-n aurel.,Șaua-noată-n aurel.,Saua-noata-n aurel.,True,False,length_outside_3_250_words,True,19,0,0,0,0,0,True,True,19,2,0,0,0,0,True,False,19,0,0,0,0,0,True,True,19,2,0,0,0,0,True,False,Saua-noata-n aurel.,Șaua-noată-n aurel.,19,2,2
253092,unknown_local_sample,Inclestarea pumnilor.,Încleștarea pumnilor.,Inclestarea pumnilor.,Încleștarea pumnilor.,Inclestarea pumnilor.,True,False,length_outside_3_250_words,True,21,0,0,0,0,0,True,True,21,2,0,0,0,0,True,False,21,0,0,0,0,0,True,True,21,2,0,0,0,0,True,False,Inclestarea pumnilor.,Încleștarea pumnilor.,21,2,2
240628,unknown_local_sample,Exercitii gimnastice.,Exerciții gimnastice.,Exercitii gimnastice.,Exerciții gimnastice.,Exercitii gimnastice.,True,False,length_outside_3_250_words,True,21,0,0,0,0,0,True,True,21,1,0,0,0,0,True,False,21,0,0,0,0,0,True,True,21,1,0,0,0,0,True,False,Exercitii gimnastice.,Exerciții gimnastice.,21,2,1
288903,unknown_local_sample,Par bogat.,Păr bogat.,Par bogat.,Păr bogat.,Par bogat.,True,False,length_outside_3_250_words,True,10,0,0,0,0,0,True,True,10,1,0,0,0,0,True,False,10,0,0,0,0,0,True,True,10,1,0,0,0,0,True,False,Par bogat.,Păr bogat.,10,2,1
346312,unknown_local_sample,Destituit telegrafic.,Destituit telegrafic.,Destituit telegrafic.,Destituit telegrafic.,Destituit telegrafic.,True,False,length_outside_3_250_words,True,21,0,0,0,0,0,True,True,21,0,0,0,0,0,True,True,21,0,0,0,0,0,True,True,21,0,0,0,0,0,True,True,Destituit telegrafic.,Destituit telegrafic.,21,2,0
119382,unknown_local_sample,"Acum, indata.","Acum, îndată.","Acum, indata.","Acum, îndată.","Acum, indata.",True,False,length_outside_3_250_words,True,13,0,0,0,0,0,True,True,13,2,0,0,0,0,True,False,13,0,0,0,0,0,True,True,13,2,0,0,0,0,True,False,"Acum, indata.","Acum, îndată.",13,2,2
113460,unknown_local_sample,Animal pahiderm.,Animal pahiderm.,Animal pahiderm.,Animal pahiderm.,Animal pahiderm.,True,False,length_outside_3_250_words,True,16,0,0,0,0,0,True,True,16,0,0,0,0,0,True,True,16,0,0,0,0,0,True,True,16,0,0,0,0,0,True,True,Animal pahiderm.,Animal pahiderm.,16,2,0
331348,unknown_local_sample,Leoaica pindeste.,Leoaica pîndește.,Leoaica pindeste.,Leoaica pîndește.,Leoaica pindeste.,True,False,length_outside_3_250_words,True,17,0,0,0,0,0,True,True,17,2,0,0,0,0,True,False,17,0,0,0,0,0,True,True,17,2,0,0,0,0,True,False,Leoaica pindeste.,Leoaica pîndește.,17,2,2
199443,unknown_local_sample,euro anual.,euro anual.,euro anual.,euro anual.,euro anual.,True,False,length_outside_3_250_words,True,11,0,0,0,0,0,True,True,11,0,0,0,0,0,True,True,11,0,0,0,0,0,True,True,11,0,0,0,0,0,True,True,euro anual.,euro anual.,11,2,0
365133,unknown_local_sample,Sulfura stanoasa.,Sulfură stanoasă.,Sulfura stanoasa.,Sulfură stanoasă.,Sulfura stanoasa.,True,False,length_outside_3_250_words,True,17,0,0,0,0,0,True,True,17,2,0,0,0,0,True,False,17,0,0,0,0,0,True,True,17,2,0,0,0,0,True,False,Sulfura stanoasa.,Sulfură stanoasă.,17,2,2
166710,unknown_local_sample,N-aveam cum.,N-aveam cum.,N-aveam cum.,N-aveam cum.,N-aveam cum.,True,False,length_outside_3_250_words,True,12,0,0,0,0,0,True,True,12,0,0,0,0,0,True,True,12,0,0,0,0,0,True,True,12,0,0,0,0,0,True,True,N-aveam cum.,N-aveam cum.,12,2,0
346259,unknown_local_sample,si urda.,și urdă.,si urda.,și urdă.,si urda.,True,False,length_outside_3_250_words,True,8,0,0,0,0,0,True,True,8,2,0,0,0,0,True,False,8,0,0,0,0,0,True,True,8,2,0,0,0,0,True,False,si urda.,și urdă.,8,2,2
283334,unknown_local_sample,Asmutirea cainilor.,Asmuțirea câinilor.,Asmutirea cainilor.,Asmuțirea câinilor.,Asmutirea cainilor.,True,False,length_outside_3_250_words,True,19,0,0,0,0,0,True,True,19,2,0,0,0,0,True,False,19,0,0,0,0,0,True,True,19,2,0,0,0,0,True,False,Asmutirea cainilor.,Asmuțirea câinilor.,19,2,2
246691,unknown_local_sample,Intamplare imaginata.,Întâmplare imaginată.,Intamplare imaginata.,Întâmplare imaginată.,Intamplare imaginata.,True,False,length_outside_3_250_words,True,21,0,0,0,0,0,True,True,21,3,0,0,0,0,True,False,21,0,0,0,0,0,True,True,21,3,0,0,0,0,True,False,Intamplare imaginata.,Întâmplare imaginată.,21,2,3
160591,unknown_local_sample,Material tanant.,Material tanant.,Material tanant.,Material tanant.,Material tanant.,True,False,length_outside_3_250_words,True,16,0,0,0,0,0,True,True,16,0,0,0,0,0,True,True,16,0,0,0,0,0,True,True,16,0,0,0,0,0,True,True,Material tanant.,Material tanant.,16,2,0
315263,unknown_local_sample,Ranjeste diabolic.,Rânjește diabolic.,Ranjeste diabolic.,Rânjește diabolic.,Ranjeste diabolic.,True,False,length_outside_3_250_words,True,18,0,0,0,0,0,True,True,18,2,0,0,0,0,True,False,18,0,0,0,0,0,True,True,18,2,0,0,0,0,True,False,Ranjeste diabolic.,Rânjește diabolic.,18,2,2
